[
  {
    "id": 0,
    "path": "apps/b3_core/templates/b3_core/footer.html",
    "tags": ["marketplace", "gkn"],
    "additional_info": {
      "additionalProp1": "string",
      "additionalProp2": "string",
      "additionalProp3": "string"
    }
  },
  {
    "id": 1,
    "path": "apps/b3_core/templates/b3_core/base_popup.html",
    "tags": ["gkn"],
    "additional_info": {
      "additionalProp1": "string",
      "additionalProp2": "string",
      "additionalProp3": "string"
    }
  },
  {
    "id": 1,
    "path": "apps/b3_core/templates/b3_core/notice-bar.html",
    "tags": ["tenco"],
    "additional_info": {
      "additionalProp1": "string",
      "additionalProp2": "string",
      "additionalProp3": "string"
    }
  }
]
